DROP TABLE Book;
DROP TABLE Customer;
DROP TABLE Orders;


CREATE TABLE Book (
  bookid      NUMBER(2) PRIMARY KEY,
  bookname    VARCHAR2(40),
  publisher   VARCHAR2(40),
  price       NUMBER(8) 
);

CREATE TABLE  Customer (
  custid      NUMBER(2) PRIMARY KEY,  
  name        VARCHAR2(40),
  address     VARCHAR2(50),
  phone       VARCHAR2(20)
);


CREATE TABLE Orders (
  orderid NUMBER(2) PRIMARY KEY,
  custid  NUMBER(2) REFERENCES Customer(custid),
  bookid  NUMBER(2) REFERENCES Book(bookid),
  saleprice NUMBER(8) ,
  orderdate DATE
);


-- Book, Customer, Orders 데이터 생성
INSERT INTO Book VALUES(1, '축구의 역사', '굿스포츠', 7000);
INSERT INTO Book VALUES(2, '축구아는 여자', '나무수', 13000);
INSERT INTO Book VALUES(3, '축구의 이해', '대한미디어', 22000);
INSERT INTO Book VALUES(4, '골프 바이블', '대한미디어', 35000);
INSERT INTO Book VALUES(5, '피겨 교본', '굿스포츠', 8000);
INSERT INTO Book VALUES(6, '역도 단계별기술', '굿스포츠', 6000);
INSERT INTO Book VALUES(7, '야구의 추억', '이상미디어', 20000);
INSERT INTO Book VALUES(8, '야구를 부탁해', '이상미디어', 13000);
INSERT INTO Book VALUES(9, '올림픽 이야기', '삼성당', 7500);
INSERT INTO Book VALUES(10, 'Olympic Champions', 'Pearson', 13000);

INSERT INTO Customer VALUES (1, '박지성', '영국 맨체스타', '000-5000-0001');
INSERT INTO Customer VALUES (2, '김연아', '대한민국 서울', '000-6000-0001');  
INSERT INTO Customer VALUES (3, '장미란', '대한민국 강원도', '000-7000-0001');
INSERT INTO Customer VALUES (4, '추신수', '미국 클리블랜드', '000-8000-0001');
INSERT INTO Customer VALUES (5, '박세리', '대한민국 대전',  NULL);

INSERT INTO Orders VALUES (1, 1, 1, 6000, TO_DATE('2014-07-01','yyyy-mm-dd')); 
INSERT INTO Orders VALUES (2, 1, 3, 21000, TO_DATE('2014-07-03','yyyy-mm-dd'));
INSERT INTO Orders VALUES (3, 2, 5, 8000, TO_DATE('2014-07-03','yyyy-mm-dd')); 
INSERT INTO Orders VALUES (4, 3, 6, 6000, TO_DATE('2014-07-04','yyyy-mm-dd')); 
INSERT INTO Orders VALUES (5, 4, 7, 20000, TO_DATE('2014-07-05','yyyy-mm-dd'));
INSERT INTO Orders VALUES (6, 1, 2, 12000, TO_DATE('2014-07-07','yyyy-mm-dd'));
INSERT INTO Orders VALUES (7, 4, 8, 13000, TO_DATE( '2014-07-07','yyyy-mm-dd'));
INSERT INTO Orders VALUES (8, 3, 10, 12000, TO_DATE('2014-07-08','yyyy-mm-dd')); 
INSERT INTO Orders VALUES (9, 2, 10, 7000, TO_DATE('2014-07-09','yyyy-mm-dd')); 
INSERT INTO Orders VALUES (10, 3, 8, 13000, TO_DATE('2014-07-10','yyyy-mm-dd'));

-- 가장 비싼책의 이름
select bookname 
from Book
where price = (
    select max(price)
    from Book
);

-- 대한미디어에서 출판한 책을 산 사람의 이름
select name
from customer
where custid IN (
    select custid
    from Orders
    where bookid IN (
        select bookid
        from Book
        where publisher='대한미디어'
    )
);

-- 책을 산사람의 주소
select name, address
from Customer cs
where EXISTS (
    select custid
    from Orders od
    -- 조인문
    where cs.custid = od.custid
);

-- 대한민국에서 판매된 가격의 총액
select sum(saleprice)
from Orders
where Exists (
    select custid
    from Customer
    -- Join문 그냥 써야함 이유 모름 / Orders.custid = Customer.custid / 
    where address like '대한민국%' AND Orders.custid = Customer.custid
);
COMMIT;